{
  "best_model": "random_forest",
  "best_roc_auc": 0.8276888396319123,
  "all": {
    "random_forest": {
      "roc_auc": 0.8276888396319123,
      "pr_auc": 0.4264109754924345,
      "f1": 0.45576407506702415,
      "recall_churn": 0.7296137339055794
    },
    "xgboost": {
      "roc_auc": 0.8136390893878077,
      "pr_auc": 0.4294245313085852,
      "f1": 0.3021148036253776,
      "recall_churn": 0.2145922746781116
    },
    "lightgbm": {
      "roc_auc": 0.8079438386743315,
      "pr_auc": 0.4076677965239044,
      "f1": 0.4655436447166922,
      "recall_churn": 0.6523605150214592
    }
  }
}